{"cameraMode":{"drawMode":0,"name":"Shaded","section":"Shading Mode"},"sceneLighting":true,"audioPlay":false,"sceneViewState":{"showFog":true,"showMaterialUpdate":false,"showSkybox":true,"showFlares":true,"showImageEffects":true,"showParticleSystems":true},"in2DMode":false,"pivot":{"x":-14.440430641174317,"y":6.229330062866211,"z":4.9773054122924809},"rotation":{"x":0.15084825456142426,"y":0.8304060101509094,"z":-0.463212251663208,"w":0.27051034569740298},"size":3.43438720703125,"orthographic":false}