{"cameraMode":{"drawMode":0,"name":"Shaded","section":"Shading Mode"},"sceneLighting":true,"audioPlay":false,"sceneViewState":{"showFog":true,"showMaterialUpdate":false,"showSkybox":false,"showFlares":true,"showImageEffects":true,"showParticleSystems":true},"in2DMode":false,"pivot":{"x":-4.159999847412109,"y":2.7447409629821779,"z":3.0500001907348635},"rotation":{"x":-0.11068648099899292,"y":0.08412418514490128,"z":-0.00939550343900919,"w":-0.9902825951576233},"size":8.497499465942383,"orthographic":false}