{"cameraMode":{"drawMode":0,"name":"Shaded","section":"Shading Mode"},"sceneLighting":false,"audioPlay":false,"sceneViewState":{"showFog":true,"showMaterialUpdate":false,"showSkybox":false,"showFlares":true,"showImageEffects":true,"showParticleSystems":true},"in2DMode":false,"pivot":{"x":-1.0000001192092896,"y":0.04569370299577713,"z":2.000000238418579},"rotation":{"x":-0.09562449902296066,"y":0.8828436732292175,"z":-0.205138698220253,"w":-0.4115341305732727},"size":2.23653507232666,"orthographic":false}